Select,Name
1,Spinach Quiche
1,Buttermilk Pancakes
1,Salsa
1,Salmon and Spinach Mashed Potatoes
1,Taco Pasta
1,InstaPot Pulled Pork
1,Red Beans and Rice
1,Black Bean and Corn Tacos
1,Sweet Potato Cakes with Poached Eggs
1,Eggplant Parmesan
1,Creamy Mushroom Pasta Bake
1,Linguine with Green Olives and Anchovies
1,Lemon Pesto Penne
1,Spaghetti Aglio e Olio
1,Cheesy Hot Pepper Pasta
1,Summer Squash Basil Pasta
1,Mexican Casserole
1,Tikka Masala
1,Creamed Brussel Sprouts
1,Green Bean Casserole
1,Baked Corn Casserole
1,Healthier Garlic Bread
1,Banana Oat Bread
1,Banana Bread
1,Chocolate Chip Muffins
1,Simple Hand-kneaded French Bread
1,Simple French Bread using stand mixer
0,extras
0,test1
0,test2
